url,earliest,days
https://www.opentable.com/r/seaport-house-new-york,3/10/2021,137.0
https://www.opentable.com/r/empire-burger-house-new-york,3/1/2021,146.0
https://www.opentable.com/r/el-paso-mexican-restaurants-east-harlem-new-york,2/14/2021,161.0
https://www.opentable.com/r/milas-fish-and-hook-new-york,5/16/2021,70.0
https://www.opentable.com/r/quality-bistro-new-york,1/29/2020,543.0
https://www.opentable.com/r/lena-west-village-new-york,3/2/2021,145.0
https://www.opentable.com/r/hachi-maki-new-york,3/13/2021,134.0
https://www.opentable.com/r/tudor-city-steakhouse-new-york,3/26/2021,121.0
https://www.opentable.com/r/tito-murphys-new-york,1/25/2020,547.0
https://www.opentable.com/r/pasta-by-hudson-new-york,4/25/2021,91.0
https://www.opentable.com/r/yuco-new-york,6/15/2021,40.0
https://www.opentable.com/r/manhattan-indian-flavor-new-york,4/17/2021,99.0
https://www.opentable.com/restaurant/profile/1143472,7/12/2021,13.0
https://www.opentable.com/r/andrews-coffee-shop-new-york,5/22/2021,64.0
https://www.opentable.com/r/la-pulperia-44-hells-kitchen-new-york,5/8/2021,78.0
https://www.opentable.com/r/evergreen-on-38-new-york,3/15/2019,863.0
https://www.opentable.com/r/puttanesca-new-york,5/9/2021,77.0
https://www.opentable.com/r/the-lobby-at-ace-hotel-new-york,5/15/2021,71.0
https://www.opentable.com/r/primal-cut-grille-new-york,6/17/2021,38.0
https://www.opentable.com/r/momoya-new-york-2,5/13/2021,73.0
https://www.opentable.com/r/ladresse-nomad-new-york,,
https://www.opentable.com/r/42nd-street-diner-and-pizza-new-york,6/23/2021,32.0
https://www.opentable.com/r/coffee-and-cocktails-new-york,,
https://www.opentable.com/r/skinnys-cantina-on-the-hudson-new-york,7/10/2021,15.0
https://www.opentable.com/r/death-by-pizza-new-york,1/5/2021,201.0
https://www.opentable.com/r/osteria-nando-new-york,1/20/2021,186.0
https://www.opentable.com/r/la-grande-boucherie-new-york,12/2/2020,235.0
https://www.opentable.com/r/cka-ka-qellue-bronx,12/5/2020,232.0
https://www.opentable.com/r/mazu-szchuan-cuisine-new-york,2/26/2021,149.0
https://www.opentable.com/r/prime-catch-new-york,1/18/2021,188.0
https://www.opentable.com/r/mista-oh-new-york,12/31/2020,206.0
https://www.opentable.com/r/fats-duvalls-rhum-cafe-new-york,6/26/2021,29.0
https://www.opentable.com/r/j-spec-new-york,11/24/2020,243.0
https://www.opentable.com/r/anejo-restaurant-new-york-2,11/10/2020,257.0
https://www.opentable.com/r/la-barra-at-mercado-little-spain-new-york,11/8/2020,259.0
https://www.opentable.com/r/havana-heights-new-york,11/3/2020,264.0
https://www.opentable.com/r/seamores-market-bar-and-restaurant-new-york,11/19/2020,248.0
https://www.opentable.com/r/bella-ciao-new-york,10/23/2020,275.0
https://www.opentable.com/r/shiraz-kitchen-chelsea-new-york,10/22/2020,276.0
https://www.opentable.com/r/noir-new-york,10/16/2020,282.0
https://www.opentable.com/r/casa-limone-new-york,6/7/2021,48.0
https://www.opentable.com/r/julius-bar-new-york,9/25/2020,303.0
https://www.opentable.com/r/lagos-restaurant-and-lounge-new-york,2/26/2021,149.0
https://www.opentable.com/r/crispins-new-york,9/12/2020,316.0
https://www.opentable.com/r/shaking-crab-hells-kitchen-new-york,8/22/2020,337.0
https://www.opentable.com/r/sushi-teru-omakase-new-york,8/9/2020,350.0
https://www.opentable.com/r/sestina-new-york,8/14/2020,345.0
https://www.opentable.com/r/offside-tavern-new-york,8/14/2020,345.0
https://www.opentable.com/r/kind-regards-new-york,8/8/2020,351.0
https://www.opentable.com/r/chelsea-house-nyc-new-york,11/13/2020,254.0
https://www.opentable.com/r/dolly-varden-new-york,3/1/2020,511.0
https://www.opentable.com/r/paisley-restaurant-new-york,2/7/2020,534.0
https://www.opentable.com/r/piccola-cucina-uptown-new-york,3/9/2020,503.0
https://www.opentable.com/r/wagamama-midtown-new-york,2/26/2020,515.0
https://www.opentable.com/r/tramonti-fifth-ave-new-york,2/25/2020,516.0
https://www.opentable.com/r/osteria-delbianco-new-york,1/27/2020,545.0
https://www.opentable.com/r/vicolina-new-york,2/4/2020,537.0
https://www.opentable.com/r/the-restaurant-new-york,1/25/2020,547.0
https://www.opentable.com/r/osteria-laura-nyc-new-york,1/29/2020,543.0
https://www.opentable.com/r/carnegie-diner-and-cafe-new-york,1/11/2020,561.0
https://www.opentable.com/r/westville-hells-kitchen-new-york,1/12/2020,560.0
https://www.opentable.com/r/pasta-eater-new-york,9/26/2020,302.0
https://www.opentable.com/r/tandoor-oven-new-york,12/31/2019,572.0
https://www.opentable.com/r/gyu-kaku-manhattan-amsterdam-ave-new-york,12/20/2019,583.0
https://www.opentable.com/r/wolfgangs-steakhouse-broadway-37th-st-new-york,12/4/2019,599.0
https://www.opentable.com/r/giardino-54-new-york,3/25/2021,122.0
https://www.opentable.com/r/sachi-nyc-new-york,12/4/2019,599.0
https://www.opentable.com/r/sveta-new-york,12/11/2019,592.0
https://www.opentable.com/r/flame-nyc-new-york,12/22/2019,581.0
https://www.opentable.com/r/jeannies-nordstrom-new-york-city-new-york,10/31/2019,633.0
https://www.opentable.com/r/bistro-verde-nordstrom-new-york-city-new-york,10/29/2019,635.0
https://www.opentable.com/r/ninos-new-york,10/27/2019,637.0
https://www.opentable.com/r/rabbit-house-omakase-and-sake-bar-new-york,2/14/2020,527.0
https://www.opentable.com/r/lezzet-mediterranean-turkish-restaurant-new-york,10/11/2019,653.0
https://www.opentable.com/r/catch-steak-maritime-hotel-new-york,9/19/2019,675.0
https://www.opentable.com/r/ampia-rooftop-and-gnoccheria-wall-st-new-york,10/3/2019,661.0
https://www.opentable.com/r/rh-rooftop-restaurant-new-york,9/12/2019,682.0
https://www.opentable.com/r/tacovision-new-york,9/18/2019,676.0
https://www.opentable.com/r/red-peony-new-york,9/6/2019,688.0
https://www.opentable.com/r/il-piccolo-ristoro-new-york,8/8/2019,717.0
https://www.opentable.com/r/worthwild-new-york,8/26/2019,699.0
https://www.opentable.com/r/sushi-suite-1001-new-york,9/4/2019,690.0
https://www.opentable.com/r/new-amsterdam-burger-and-bar-new-york,7/29/2019,727.0
https://www.opentable.com/r/eds-lobster-bar-new-york,8/8/2019,717.0
https://www.opentable.com/r/westville-new-york,9/12/2019,682.0
https://www.opentable.com/r/petite-boucherie-new-york,2/20/2015,2347.0
https://www.opentable.com/the-smith-lincoln-square,11/13/2012,3176.0
https://www.opentable.com/r/del-friscos-grille-nyc-new-york,8/24/2011,3623.0
https://www.opentable.com/nomo-kitchen,4/10/2011,3759.0
https://www.opentable.com/r/del-friscos-double-eagle-steak-house-new-york-city-new-york,1/22/2011,3837.0
https://www.opentable.com/max-brenner-union-square,1/26/2010,4198.0
https://www.opentable.com/r/sojourn-restaurant-new-york,6/13/2009,4425.0
https://www.opentable.com/r/charlie-palmer-steak-nyc-new-york-3,6/30/2009,4408.0
https://www.opentable.com/locanda-verde,6/25/2008,4778.0
https://www.opentable.com/r/brick-lane-curry-house-new-york,3/22/2008,4873.0
https://www.opentable.com/ruths-chris-steak-house-new-york,5/10/2005,5920.0
https://www.opentable.com/carmines-91st-street-nyc,3/23/2008,4872.0
https://www.opentable.com/r/oda-house-upper-east-side-new-york-2,6/9/2019,777.0
https://www.opentable.com/r/queensyard-new-york,10/30/2019,634.0
https://www.opentable.com/r/spanish-diner-at-mercado-little-spain-new-york,7/6/2019,750.0
https://www.opentable.com/r/the-warren-new-york,7/25/2017,1461.0
https://www.opentable.com/r/marcellino-new-york,5/7/2019,810.0
https://www.opentable.com/r/bombay-bistro-new-york,4/12/2019,835.0
https://www.opentable.com/r/da-capo-new-york,3/30/2019,848.0
https://www.opentable.com/r/la-pizza-and-la-pasta-eataly-nyc-downtown-new-york,6/28/2018,1123.0
https://www.opentable.com/r/yara-new-york,4/12/2019,835.0
https://www.opentable.com/r/le-moulin-a-cafe-new-york,4/25/2019,822.0
https://www.opentable.com/r/st-tropez-soho-new-york-2,2/24/2019,882.0
https://www.opentable.com/r/wagamama-murray-hill-new-york,9/23/2020,305.0
https://www.opentable.com/r/buenavista-restaurant-and-bar-new-york,9/25/2018,1034.0
https://www.opentable.com/r/il-divo-new-york,2/11/2019,895.0
https://www.opentable.com/r/turkuaz-restaurant-new-york-2,2/13/2019,893.0
https://www.opentable.com/r/nittis-new-york,1/12/2019,925.0
https://www.opentable.com/r/quartino-bottega-organica-new-york,1/23/2019,914.0
https://www.opentable.com/r/seamores-brookfield-place-new-york,1/18/2019,919.0
https://www.opentable.com/r/aroma-trattoria-new-york,2/16/2019,890.0
https://www.opentable.com/r/valerie-new-york,1/11/2019,926.0
https://www.opentable.com/r/il-mulino-prime-gramercy-new-york,12/4/2018,964.0
https://www.opentable.com/r/izakaya-juraku-new-york,8/31/2018,1059.0
https://www.opentable.com/r/hortus-nyc-new-york,11/23/2018,975.0
https://www.opentable.com/r/elea-new-york,11/10/2018,988.0
https://www.opentable.com/r/osteria-106-new-york-2,10/11/2018,1018.0
https://www.opentable.com/r/the-wilson-new-york,10/26/2018,1003.0
https://www.opentable.com/r/kahlo-nyc-new-york,10/14/2018,1015.0
https://www.opentable.com/r/brooklyn-chop-house-new-york,10/1/2018,1028.0
https://www.opentable.com/r/zia-maria-little-italy-new-york,10/13/2018,1016.0
https://www.opentable.com/r/bluebird-london-restaurant-new-york,10/5/2018,1024.0
https://www.opentable.com/r/castell-rooftop-lounge-new-york,4/13/2019,834.0
https://www.opentable.com/r/the-terrace-at-the-edition-and-outdoor-gardens-new-york,2/22/2019,884.0
https://www.opentable.com/r/sushi-ryusei-new-york,9/7/2018,1052.0
https://www.opentable.com/r/sall-restaurant-and-lounge-new-york,8/25/2018,1065.0
https://www.opentable.com/r/oak-tuscan-truffle-lounge-new-york,8/4/2018,1086.0
https://www.opentable.com/r/bp-grille-new-york,,
https://www.opentable.com/r/cardoncello-divino-new-york,7/27/2018,1094.0
https://www.opentable.com/r/barnea-bistro-new-york,7/16/2018,1105.0
https://www.opentable.com/r/angeletto-restaurant-new-york,7/12/2018,1109.0
https://www.opentable.com/r/haswell-greens-new-york,6/29/2018,1122.0
https://www.opentable.com/r/saar-indian-bistro-new-york,6/1/2018,1150.0
https://www.opentable.com/r/bua-thai-ramen-and-robata-grill-new-york,7/6/2018,1115.0
https://www.opentable.com/r/the-leroy-house-new-york,6/5/2018,1146.0
https://www.opentable.com/r/scampi-new-york,6/2/2018,1149.0
https://www.opentable.com/r/the-harrow-new-york,2/16/2019,890.0
https://www.opentable.com/r/javelina-ues-new-york,7/15/2018,1106.0
https://www.opentable.com/r/gu-japanese-fusion-sushi-and-bar-new-york,6/6/2018,1145.0
https://www.opentable.com/r/sabai-thai-new-york,4/4/2018,1208.0
https://www.opentable.com/r/wagamama-nomad-new-york,3/31/2018,1212.0
https://www.opentable.com/r/pj-clarkes-third-avenue-new-york,4/1/2018,1211.0
https://www.opentable.com/r/fashion-bar-and-restaurant-new-york-1,3/5/2018,1238.0
https://www.opentable.com/r/angelos-pizza-new-york,3/4/2018,1239.0
https://www.opentable.com/r/la-goulue-new-york-2,3/4/2018,1239.0
https://www.opentable.com/r/st-tropez-wine-bar-new-york,2/23/2019,883.0
https://www.opentable.com/r/boucherie-union-square-new-york,2/14/2018,1257.0
https://www.opentable.com/r/imli-urban-indian-food-new-york,1/16/2018,1286.0
https://www.opentable.com/r/the-meatball-shop-hells-kitchen-new-york,4/14/2019,833.0
https://www.opentable.com/r/la-sirene-uws-new-york,12/31/2017,1302.0
https://www.opentable.com/r/tuscany-steak-house-new-york,1/10/2018,1292.0
https://www.opentable.com/r/shaking-crab-upper-west-side-new-york,12/31/2017,1302.0
https://www.opentable.com/r/siena-cafe-new-york,12/19/2017,1314.0
https://www.opentable.com/r/baar-baar-new-york,12/5/2017,1328.0
https://www.opentable.com/r/thai72-new-york,12/1/2017,1332.0
https://www.opentable.com/r/butcher-and-banker-new-york,11/14/2017,1349.0
https://www.opentable.com/r/serafina-105-new-york,11/10/2017,1353.0
https://www.opentable.com/r/renaissance-harlem-new-york,11/3/2017,1360.0
https://www.opentable.com/r/seamores-chelsea-new-york,4/24/2019,823.0
https://www.opentable.com/r/celon-bar-and-lounge-new-york,11/17/2017,1346.0
https://www.opentable.com/r/wokuni-new-york,10/10/2017,1384.0
https://www.opentable.com/r/il-carino-restaurant-new-york,9/9/2017,1415.0
https://www.opentable.com/r/island-new-york,8/23/2017,1432.0
https://www.opentable.com/r/serafina-tribeca-new-york,7/22/2017,1464.0
https://www.opentable.com/r/langolo-new-york,8/5/2017,1450.0
https://www.opentable.com/r/yama-ramen-and-sushi-new-york,6/24/2017,1492.0
https://www.opentable.com/r/aroqa-new-york-4,6/9/2017,1507.0
https://www.opentable.com/r/westville-wall-street-new-york,6/3/2017,1513.0
https://www.opentable.com/r/serafina-osteria-new-york,3/27/2021,120.0
https://www.opentable.com/r/the-keg-room-new-york,6/1/2019,785.0
https://www.opentable.com/r/kokage-new-york-2,5/31/2017,1516.0
https://www.opentable.com/r/mizu-flatiron-new-york,7/10/2017,1476.0
https://www.opentable.com/r/the-whitby-bar-and-restaurant-new-york,3/25/2017,1583.0
https://www.opentable.com/r/piccola-cucina-estiatorio-newyork,3/8/2017,1600.0
https://www.opentable.com/r/l-adresse-new-york,1/26/2017,1641.0
https://www.opentable.com/r/hudson-west-kitchen-and-craft-bar-formerly-ousia-new-york,1/25/2017,1642.0
https://www.opentable.com/r/royal-35-steakhouse-new-york,1/14/2017,1653.0
https://www.opentable.com/r/serafina-ludlow-new-york,1/29/2017,1638.0
https://www.opentable.com/r/spice-symphony-31st-st-new-york,12/30/2016,1668.0
https://www.opentable.com/r/zia-maria-ristorante-and-pizzeria-new-york,12/31/2016,1667.0
https://www.opentable.com/r/deninos-greenwich-village-new-york,12/17/2016,1681.0
https://www.opentable.com/r/boucherie-new-york,12/9/2016,1689.0
https://www.opentable.com/r/misirizzi-new-york,12/6/2016,1692.0
https://www.opentable.com/r/coarse-nyc-new-york-2,12/9/2016,1689.0
https://www.opentable.com/r/pescatore-new-york,12/3/2016,1695.0
https://www.opentable.com/r/allora-new-york,11/28/2016,1700.0
https://www.opentable.com/r/divyas-kitchen-new-york-city,11/26/2016,1702.0
https://www.opentable.com/r/benjamin-prime-new-york,11/24/2016,1704.0
https://www.opentable.com/r/isabelles-osteria-new-york,11/14/2020,253.0
https://www.opentable.com/r/upstate-craft-beer-and-oyster-bar-new-york,12/31/2018,937.0
https://www.opentable.com/r/omakase-shiro-new-york,4/30/2021,86.0
https://www.opentable.com/r/buddha-bodai-kosher-vegetarian-restaurant-new-york,8/24/2017,1431.0
https://www.opentable.com/r/sahib-new-york,12/13/2016,1685.0
https://www.opentable.com/r/empire-rooftop-at-empire-hotel-new-york,10/18/2016,1741.0
https://www.opentable.com/r/bazar-tapas-bar-and-restaurant-new-york,8/21/2017,1434.0
https://www.opentable.com/bistango-at-the-kimberly-hotel,10/18/2014,2472.0
https://www.opentable.com/r/industry-kitchen-new-york,5/29/2015,2249.0
https://www.opentable.com/r/russian-samovar-and-tolstoys-lounge-new-york,10/30/2016,1729.0
https://www.opentable.com/r/cut-by-wolfgang-puck-at-fs-downtown-new-york,10/1/2016,1758.0
https://www.opentable.com/r/soju-haus-new-york,9/22/2016,1767.0
https://www.opentable.com/r/harolds-meat-and-three-new-york,9/24/2016,1765.0
https://www.opentable.com/r/baby-brasa-new-york,9/6/2017,1418.0
https://www.opentable.com/r/dutch-freds-new-york,8/2/2016,1818.0
https://www.opentable.com/r/blue-dog-cookhouse-and-bar-new-york,8/6/2016,1814.0
https://www.opentable.com/r/haru-sushi-amsterdam-ave-new-york,7/7/2016,1844.0
https://www.opentable.com/r/momokawa-new-york,6/22/2016,1859.0
https://www.opentable.com/r/bowery-road-new-york,5/5/2017,1542.0
https://www.opentable.com/r/schilling-new-york,5/24/2016,1888.0
https://www.opentable.com/r/caliente-cab-mexican-cafe-new-york,5/4/2018,1178.0
https://www.opentable.com/r/sushi-ginza-onodera-new-york,7/27/2016,1824.0
https://www.opentable.com/r/piacere-new-york,5/27/2017,1520.0
https://www.opentable.com/r/luzzos-la-pizza-napoletana-new-york,7/18/2019,738.0
https://www.opentable.com/r/haymaker-bar-and-kitchen-new-york,6/3/2016,1878.0
https://www.opentable.com/r/westville-east-village-new-york,2/14/2019,892.0
https://www.opentable.com/r/the-meatball-shop-ues-new-york,9/27/2018,1032.0
https://www.opentable.com/r/seamores-nolita-new-york,2/12/2019,894.0
https://www.opentable.com/r/casa-bella-restaurant-new-york,12/3/2016,1695.0
https://www.opentable.com/r/don-giovannis-chelsea,12/9/2018,959.0
https://www.opentable.com/r/tortaria-new-york,7/25/2020,365.0
https://www.opentable.com/r/turkish-cuisine-new-york,4/19/2017,1558.0
https://www.opentable.com/r/jadis-new-york,1/16/2017,1651.0
https://www.opentable.com/r/campagnola-new-york,7/13/2016,1838.0
https://www.opentable.com/r/miramar-new-york,7/25/2018,1096.0
https://www.opentable.com/r/san-matteo-pizzeria-e-cucina-new-york,2/14/2017,1622.0
https://www.opentable.com/r/emporium-brasil-restaurant-and-bar-new-york,8/6/2016,1814.0
https://www.opentable.com/r/pietros-new-york,1/18/2018,1284.0
https://www.opentable.com/r/piccolo-angolo-new-york,5/17/2019,800.0
https://www.opentable.com/r/tre-sorelle-new-york,7/9/2016,1842.0
https://www.opentable.com/r/la-caverna-new-york,9/6/2020,322.0
https://www.opentable.com/r/bocaphe-new-york-city,6/1/2016,1880.0
https://www.opentable.com/r/the-smith-nomad-new-york,4/1/2016,1941.0
https://www.opentable.com/toscana-49,3/16/2016,1957.0
https://www.opentable.com/sushi-dojo,4/16/2016,1926.0
https://www.opentable.com/paesano-of-mulberry-street,3/21/2016,1952.0
https://www.opentable.com/r/tarallucci-e-vino-east-village-new-york1,5/20/2016,1892.0
https://www.opentable.com/r/brooklyn-diner-new-york,3/6/2016,1967.0
https://www.opentable.com/san-carlo-osteria-piemonte,3/5/2016,1968.0
https://www.opentable.com/under-the-bridge,3/5/2016,1968.0
https://www.opentable.com/maxwells-central-park,3/17/2016,1956.0
https://www.opentable.com/r/gnoccheria-east-village,3/10/2016,1963.0
https://www.opentable.com/indian-accent,2/29/2016,1973.0
https://www.opentable.com/r/double-zero-new-york,2/12/2016,1990.0
https://www.opentable.com/empire-steak-house-east,2/5/2016,1997.0
https://www.opentable.com/elmo,1/14/2016,2019.0
https://www.opentable.com/r/sushi-seki-times-square-new-york,1/29/2016,2004.0
https://www.opentable.com/r/high-street-on-hudson-new-york,1/30/2016,2003.0
https://www.opentable.com/jue-lan-club,12/24/2015,2040.0
https://www.opentable.com/row-house,12/7/2015,2057.0
https://www.opentable.com/nare-sushi,12/16/2015,2048.0
https://www.opentable.com/r/blue-seafood-bar-and-restaurant-new-york,12/3/2015,2061.0
https://www.opentable.com/r/5-napkin-burger-upper-east-side-new-york,11/6/2015,2088.0
https://www.opentable.com/hudson-hound,11/8/2015,2086.0
https://www.opentable.com/chazz-palminteri-ristorante-italiano,10/24/2015,2101.0
https://www.opentable.com/wollenskys-grill-new-york,10/18/2015,2107.0
https://www.opentable.com/dos-caminos-times-square,9/12/2015,2143.0
https://www.opentable.com/r/lamico-new-york,9/12/2015,2143.0
https://www.opentable.com/numero-28-pizzeria-west-village,10/19/2015,2106.0
https://www.opentable.com/hard-rock-cafe-times-square,7/28/2015,2189.0
https://www.opentable.com/danji,7/21/2015,2196.0
https://www.opentable.com/yakiniku-futago,8/8/2015,2178.0
https://www.opentable.com/r/the-ribbon-nyc,6/28/2015,2219.0
https://www.opentable.com/r/delice-and-sarrasin-new-york,6/28/2015,2219.0
https://www.opentable.com/r/bistrot-leo-new-york,4/13/2018,1199.0
https://www.opentable.com/yakitori-tori-shin-west,6/27/2015,2220.0
https://www.opentable.com/korali,5/16/2015,2262.0
https://www.opentable.com/the-grange,3/24/2015,2315.0
https://www.opentable.com/da-nico-ristorante-manhattan-location,3/30/2015,2309.0
https://www.opentable.com/r/javelina-union-square-new-york,3/9/2015,2330.0
https://www.opentable.com/zuma-japanese-restaurant-ny,2/17/2015,2350.0
https://www.opentable.com/r/ainsworth-midtown-new-york,3/4/2015,2335.0
https://www.opentable.com/bar-primi,1/17/2015,2381.0
https://www.opentable.com/r/hunt-and-fish-club-nyc-new-york,1/9/2015,2389.0
https://www.opentable.com/bocado-cafe,2/16/2015,2351.0
https://www.opentable.com/blue-ribbon-brasserie,1/2/2015,2396.0
https://www.opentable.com/adalya,12/26/2014,2403.0
https://www.opentable.com/da-claudio-ristorante,12/22/2014,2407.0
https://www.opentable.com/porteno-restaurant,12/6/2014,2423.0
https://www.opentable.com/r/il-patio-di-eataly-new-york1,2/14/2015,2353.0
https://www.opentable.com/r/mastros-steakhouse-new-york-city-new-york,11/12/2014,2447.0
https://www.opentable.com/bowery-meat-company,11/7/2014,2452.0
https://www.opentable.com/the-little-beet-table,11/7/2014,2452.0
https://www.opentable.com/limani-nyc,11/4/2014,2455.0
https://www.opentable.com/wild-west-village,1/6/2015,2392.0
https://www.opentable.com/old-tbilisi,11/8/2014,2451.0
https://www.opentable.com/r/finestra-new-york,10/8/2014,2482.0
https://www.opentable.com/r/gran-morsi-new-york,10/10/2014,2480.0
https://www.opentable.com/bistro-les-amis,10/11/2014,2479.0
https://www.opentable.com/r/anejo-tribeca-new-york,8/28/2014,2523.0
https://www.opentable.com/r/212-steakhouse-new-york,8/15/2014,2536.0
https://www.opentable.com/district-tap-house,8/19/2014,2532.0
https://www.opentable.com/r/obica-mozzarella-bar-pizza-e-cucina-new-york,7/25/2014,2557.0
https://www.opentable.com/haru-sushi-w-43rd,6/18/2014,2594.0
https://www.opentable.com/r/il-mulino-prime-soho,6/26/2014,2586.0
https://www.opentable.com/jones-wood-foundry,6/20/2014,2592.0
https://www.opentable.com/r/quality-italian-new-york,8/3/2013,2913.0
https://www.opentable.com/r/awadh-new-york,6/13/2014,2599.0
https://www.opentable.com/r/il-gattopardo-new-york,1/1/2013,3127.0
https://www.opentable.com/r/fonda-chelsea-new-york,5/21/2014,2622.0
https://www.opentable.com/altesi-ristorante,5/18/2014,2625.0
https://www.opentable.com/racines-ny,5/15/2014,2628.0
https://www.opentable.com/toledo-restaurant,5/10/2014,2633.0
https://www.opentable.com/r/buenos-aires-new-york,1/26/2014,2737.0
https://www.opentable.com/tavern-on-the-green,4/29/2015,2279.0
https://www.opentable.com/mama-mia-44sw,4/26/2014,2647.0
https://www.opentable.com/r/barbalu-new-york,4/4/2014,2669.0
https://www.opentable.com/r/amarone-new-york,3/14/2014,2690.0
https://www.opentable.com/r/frida-midtown,7/3/2021,22.0
https://www.opentable.com/amaranth,3/13/2014,2691.0
https://www.opentable.com/r/brunetti-pizza-west-village-new-york,3/5/2014,2699.0
https://www.opentable.com/mamasita-bar-and-grill,1/19/2014,2744.0
https://www.opentable.com/r/empire-steakhouse-237-west-54-street-off-of-broadway-new-york,12/21/2013,2773.0
https://www.opentable.com/r/reserve-cut-new-york,12/9/2013,2785.0
https://www.opentable.com/pippali,12/7/2013,2787.0
https://www.opentable.com/cibo-e-vino,12/4/2013,2790.0
https://www.opentable.com/r/fogo-de-chao-brazilian-steakhouse-new-york,12/19/2013,2775.0
https://www.opentable.com/antica-ancora,1/17/2014,2746.0
https://www.opentable.com/r/death-ave-restaurant-and-brewing-co-new-york,11/25/2014,2434.0
https://www.opentable.com/r/gabriels-bar-and-restaurant-new-york,10/29/2013,2826.0
https://www.opentable.com/westville-hudson,11/1/2013,2823.0
https://www.opentable.com/barawine,10/26/2013,2829.0
https://www.opentable.com/the-odeon,2/14/2006,5640.0
https://www.opentable.com/the-clam,1/31/2014,2732.0
https://www.opentable.com/cafe-cluny,6/4/2007,5165.0
https://www.opentable.com/r/the-east-pole-kitchen-and-bar-new-york,8/27/2013,2889.0
https://www.opentable.com/r/pomodoro-rosso-new-york,8/14/2013,2902.0
https://www.opentable.com/r/khe-yo-new-york-3,8/1/2013,2915.0
https://www.opentable.com/la-brochette-kosher-steakhouse,8/15/2013,2901.0
https://www.opentable.com/bills-bar-and-burger-downtown,7/22/2013,2925.0
https://www.opentable.com/r/mortons-the-steakhouse-world-trade-center-new-york,7/11/2013,2936.0
https://www.opentable.com/amber-west-village,7/6/2013,2941.0
https://www.opentable.com/sel-et-poivre-restaurant,6/30/2013,2947.0
https://www.opentable.com/jean-claude-2,6/28/2013,2949.0
https://www.opentable.com/anassa-taverna,5/31/2013,2977.0
https://www.opentable.com/lafayette,4/30/2013,3008.0
https://www.opentable.com/the-boil,12/23/2016,1675.0
https://www.opentable.com/pergola,1/10/2014,2753.0
https://www.opentable.com/delizia-92,9/16/2013,2869.0
https://www.opentable.com/la-bergamote-hells-kitchen,4/12/2013,3026.0
https://www.opentable.com/la-bergamote,4/13/2013,3025.0
https://www.opentable.com/pasta-lovers-trattoria,5/18/2013,2990.0
https://www.opentable.com/r/society-cafe-new-york,12/2/2016,1696.0
https://www.opentable.com/the-liberty-nyc,3/7/2013,3062.0
https://www.opentable.com/r/serafina-always-grill-new-york,3/31/2013,3038.0
https://www.opentable.com/gallaghers-steakhouse-manhattan,2/16/2013,3081.0
https://www.opentable.com/the-crosby-bar,2/14/2013,3083.0
https://www.opentable.com/r/joanne-trattoria-new-york,1/26/2013,3102.0
https://www.opentable.com/bxl-zoute,1/11/2013,3117.0
https://www.opentable.com/the-dutch,1/6/2013,3122.0
https://www.opentable.com/r/the-leopard-at-des-artistes-new-york,1/5/2013,3123.0
https://www.opentable.com/r/malai-marke-new-york,1/27/2013,3101.0
https://www.opentable.com/r/bocca-di-bacco-chelsea-20th-st-new-york,12/19/2012,3140.0
https://www.opentable.com/sea-fire-grill,11/22/2012,3167.0
https://www.opentable.com/wa-jeal,12/21/2012,3138.0
https://www.opentable.com/r/hancock-st-new-york,6/12/2021,43.0
https://www.opentable.com/r/dulce-vida-latin-bistro-new-york,11/2/2017,1361.0
https://www.opentable.com/la-bella-vita-new-york,12/12/2012,3147.0
https://www.opentable.com/r/breslin-burger-new-york,7/2/2014,2580.0
https://www.opentable.com/giardino-doro,9/28/2012,3222.0
https://www.opentable.com/r/socarrat-paella-bar-midtown-east-new-york,9/28/2012,3222.0
https://www.opentable.com/spice-symphony,10/6/2012,3214.0
https://www.opentable.com/r/tia-pol-new-york,9/9/2012,3241.0
https://www.opentable.com/r/la-pizza-and-la-pasta-eataly-nyc-flatiron-new-york,12/24/2014,2405.0
https://www.opentable.com/galli-restaurant-soho,9/1/2012,3249.0
https://www.opentable.com/caffe-buon-gusto-ues,8/29/2012,3252.0
https://www.opentable.com/serafina-upper-west,3/18/2012,3416.0
https://www.opentable.com/angelo-bellini-italian-restaurant,7/19/2012,3293.0
https://www.opentable.com/macs-afghan-kebab-incorporated,10/15/2012,3205.0
https://www.opentable.com/benihana-new-york,6/11/2012,3331.0
https://www.opentable.com/orient-express-cocktail-bar,10/6/2012,3214.0
https://www.opentable.com/r/jubilee-1st-avenue-new-york,6/2/2012,3340.0
https://www.opentable.com/r/haven-rooftop-new-york,6/10/2012,3332.0
https://www.opentable.com/r/stk-rooftop-new-york,5/12/2012,3361.0
https://www.opentable.com/bottega-new-york,4/20/2012,3383.0
https://www.opentable.com/inti-nyc-restaurant,6/2/2012,3340.0
https://www.opentable.com/nello,4/21/2012,3382.0
https://www.opentable.com/r/antique-garage-soho-new-york,8/29/2015,2157.0
https://www.opentable.com/aoa-bar-and-grill,4/27/2012,3376.0
https://www.opentable.com/atrio-wine-bar-restaurant,5/13/2012,3360.0
https://www.opentable.com/senya,6/23/2015,2224.0
https://www.opentable.com/sofrito-nyc,3/19/2012,3415.0
https://www.opentable.com/r/gyu-kaku-times-square-new-york,3/29/2012,3405.0
https://www.opentable.com/teds-montana-grill-nyc,1/28/2012,3466.0
https://www.opentable.com/sparks-steak-house,1/10/2012,3484.0
https://www.opentable.com/fuji-sushi,1/28/2012,3466.0
https://www.opentable.com/wolfgangs-steak-house-times-square,12/28/2011,3497.0
https://www.opentable.com/azalea,7/3/2015,2214.0
https://www.opentable.com/sushi-yasaka,1/12/2012,3482.0
https://www.opentable.com/asuka-sushi,1/13/2012,3481.0
https://www.opentable.com/r/stk-nyc-midtown-new-york,12/27/2011,3498.0
https://www.opentable.com/r/pera-soho-new-york,12/17/2011,3508.0
https://www.opentable.com/r/san-marino-restaurant-soho-new-york,12/21/2011,3504.0
https://www.opentable.com/connollys-pub-and-restaurant-45th,12/24/2011,3501.0
https://www.opentable.com/valbella-midtown,12/10/2011,3515.0
https://www.opentable.com/kajitsu,4/18/2009,4481.0
https://www.opentable.com/noche-mexicana,1/19/2012,3475.0
https://www.opentable.com/the-smith-midtown,11/12/2011,3543.0
https://www.opentable.com/r/merchants-river-house-new-york,9/25/2010,3956.0
https://www.opentable.com/odonoghues-bar-and-restaurant,11/24/2011,3531.0
https://www.opentable.com/coppolas-east-restaurant,11/10/2011,3545.0
https://www.opentable.com/r/stk-nyc-meatpacking-new-york,7/11/2011,3667.0
https://www.opentable.com/vinotapa,7/24/2013,2923.0
https://www.opentable.com/r/bar-italia-new-york,11/5/2011,3550.0
https://www.opentable.com/da-tommaso-nyc,11/3/2011,3552.0
https://www.opentable.com/mulligans-pub,4/24/2013,3014.0
https://www.opentable.com/catch-new-york,10/4/2011,3582.0
https://www.opentable.com/mediterraneo-new-york,10/19/2011,3567.0
https://www.opentable.com/eleven-b,9/16/2011,3600.0
https://www.opentable.com/the-greek-kitchen,9/16/2011,3600.0
https://www.opentable.com/markjoseph-steakhouse,9/10/2011,3606.0
https://www.opentable.com/il-mulino-new-york,8/31/2011,3616.0
https://www.opentable.com/august-restaurant,1/23/2015,2375.0
https://www.opentable.com/barbaresco-new-york,7/23/2011,3655.0
https://www.opentable.com/eats,6/21/2011,3687.0
https://www.opentable.com/rossinis-restaurant,6/21/2011,3687.0
https://www.opentable.com/r/casa-nonna-midtown-new-york,6/15/2011,3693.0
https://www.opentable.com/r/bread-and-tulips-new-york,7/2/2011,3676.0
https://www.opentable.com/r/max-tribeca-new-york,5/26/2012,3347.0
https://www.opentable.com/nai-tapas,6/30/2011,3678.0
https://www.opentable.com/r/medi-wine-bar-and-restaurant-new-york,5/14/2011,3725.0
https://www.opentable.com/hardings-new-york,6/8/2011,3700.0
https://www.opentable.com/r/serra-by-birreria-new-york,1/8/2015,2390.0
https://www.opentable.com/r/antalia-new-york,5/6/2011,3733.0
https://www.opentable.com/lasagna-restaurant-chelsea,5/13/2011,3726.0
https://www.opentable.com/r/bettola-new-york,5/11/2011,3728.0
https://www.opentable.com/r/pierre-loti-union-square-new-york,5/25/2011,3714.0
https://www.opentable.com/la-mela,3/16/2011,3784.0
https://www.opentable.com/r/socarrat-paella-bar-chelsea-new-york,3/10/2011,3790.0
https://www.opentable.com/la-ripaille,3/11/2011,3789.0
https://www.opentable.com/sfoglia,3/5/2011,3795.0
https://www.opentable.com/cipriani-downtown,3/4/2011,3796.0
https://www.opentable.com/r/baker-and-co-nyc,10/19/2016,1740.0
https://www.opentable.com/r/hi-life-restaurant-new-york,2/14/2011,3814.0
https://www.opentable.com/obao,2/10/2011,3818.0
https://www.opentable.com/r/socarrat-paella-bar-nolita-new-york,2/11/2011,3817.0
https://www.opentable.com/bills-bar-and-burger,1/21/2011,3838.0
https://www.opentable.com/red-rooster-harlem,1/16/2011,3843.0
https://www.opentable.com/wine-30,1/15/2011,3844.0
https://www.opentable.com/r/le-parisien-new-york,1/12/2011,3847.0
https://www.opentable.com/park-avenue-tavern,5/18/2011,3721.0
https://www.opentable.com/olio-e-piu,12/15/2010,3875.0
https://www.opentable.com/r/donna-margherita-new-york,4/8/2017,1569.0
https://www.opentable.com/r/cipriani-club-55-restaurant-new-york,10/14/2010,3937.0
https://www.opentable.com/cipriani-dolci,10/23/2010,3928.0
https://www.opentable.com/r/bar-verde-new-york,12/25/2014,2404.0
https://www.opentable.com/snack-taverna,8/28/2010,3984.0
https://www.opentable.com/r/paul-and-jimmys-ristorante-new-york,9/5/2010,3976.0
https://www.opentable.com/iguana,6/10/2010,4063.0
https://www.opentable.com/knickerbocker-bar-and-grill,5/16/2010,4088.0
https://www.opentable.com/restaurant-nippon,5/7/2010,4097.0
https://www.opentable.com/onieals,4/23/2010,4111.0
https://www.opentable.com/taureau,4/17/2010,4117.0
https://www.opentable.com/dafni-greek-taverna,4/16/2010,4118.0
https://www.opentable.com/wolfgangs-steak-house-54th-street,5/4/2010,4100.0
https://www.opentable.com/r/print-restaurant-new-york,3/24/2010,4141.0
https://www.opentable.com/r/pappardella-new-york,4/4/2010,4130.0
https://www.opentable.com/il-violino,3/24/2010,4141.0
https://www.opentable.com/la-palapa,4/5/2010,4129.0
https://www.opentable.com/persepolis,3/2/2010,4163.0
https://www.opentable.com/r/delmonicos-kitchen-new-york,3/4/2010,4161.0
https://www.opentable.com/gossip-restaurant,3/6/2010,4159.0
https://www.opentable.com/r/5-napkin-burger-upper-west-side-new-york,2/3/2010,4190.0
https://www.opentable.com/balade-pitza-and-grill,2/22/2010,4171.0
https://www.opentable.com/r/gigino-at-wagner-park-new-york,1/21/2010,4203.0
https://www.opentable.com/arte-restaurant,1/20/2010,4204.0
https://www.opentable.com/r/gigino-trattoria-new-york,12/21/2009,4234.0
https://www.opentable.com/r/lavagna-new-york,12/21/2009,4234.0
https://www.opentable.com/r/local-92-new-york,12/18/2009,4237.0
https://www.opentable.com/maruzzella,11/14/2009,4271.0
https://www.opentable.com/palma,11/26/2009,4259.0
https://www.opentable.com/giano,10/30/2009,4286.0
https://www.opentable.com/r/gnocco-new-york,10/9/2009,4307.0
https://www.opentable.com/buddakan-new-york,4/27/2013,3011.0
https://www.opentable.com/a-la-turka-restaurant,8/29/2009,4348.0
https://www.opentable.com/r/cafe-fiorello-new-york,8/15/2009,4362.0
https://www.opentable.com/sushi-damo,8/20/2009,4357.0
https://www.opentable.com/cacio-e-pepe,6/5/2009,4433.0
https://www.opentable.com/glass-house-tavern,6/5/2009,4433.0
https://www.opentable.com/r/armani-ristorante-5th-avenue-new-york,5/26/2009,4443.0
https://www.opentable.com/r/the-capital-grille-ny-rockefeller-center-new-york,5/16/2009,4453.0
https://www.opentable.com/ribalta-pizza,7/27/2009,4381.0
https://www.opentable.com/r/redeye-grill-new-york,4/11/2009,4488.0
https://www.opentable.com/dos-caminos-soho,4/4/2009,4495.0
https://www.opentable.com/chelsea-ristorante,4/24/2009,4475.0
https://www.opentable.com/dos-caminos-park,3/18/2009,4512.0
https://www.opentable.com/r/nomad-east-village-new-york,3/17/2009,4513.0
https://www.opentable.com/dos-caminos-meatpacking,4/25/2009,4474.0
https://www.opentable.com/r/novita-new-york-city-manhattan-new-york,3/3/2009,4527.0
https://www.opentable.com/r/bodrum-turkish-mediterranean-new-york,3/3/2009,4527.0
https://www.opentable.com/r/nizza-nyc-new-york,1/14/2009,4575.0
https://www.opentable.com/r/cacio-e-vino-new-york,1/9/2009,4580.0
https://www.opentable.com/r/naya-mezze-and-grill-new-york,12/27/2008,4593.0
https://www.opentable.com/r/house-of-lasagna-new-york,11/6/2010,3914.0
https://www.opentable.com/trattoria-bianca,10/7/2014,2483.0
https://www.opentable.com/r/madison-and-vine-new-york,3/14/2008,4881.0
https://www.opentable.com/salumeria-rosi,10/6/2009,4310.0
https://www.opentable.com/havana-new-york,12/12/2008,4608.0
https://www.opentable.com/2-darbar-grill,1/31/2009,4558.0
https://www.opentable.com/macao-trading-company,12/2/2008,4618.0
https://www.opentable.com/sinigual-new-york,10/31/2008,4650.0
https://www.opentable.com/1-nocello,10/24/2008,4657.0
https://www.opentable.com/r/batard-new-york,5/23/2014,2620.0
https://www.opentable.com/r/dhaba-new-york,10/8/2008,4673.0
https://www.opentable.com/amor-cubano,9/24/2008,4687.0
https://www.opentable.com/r/arno-ristorante-new-york-2,9/10/2008,4701.0
https://www.opentable.com/natsumi-restaurant,8/14/2008,4728.0
https://www.opentable.com/faces-and-names,7/23/2008,4750.0
https://www.opentable.com/r/benoit-restaurant-and-wine-bar-new-york,4/22/2008,4842.0
https://www.opentable.com/r/il-melograno-new-york,3/14/2008,4881.0
https://www.opentable.com/central-park-boathouse,4/10/2008,4854.0
https://www.opentable.com/r/amali-new-york,3/12/2008,4883.0
https://www.opentable.com/r/shun-lee-west-new-york,2/29/2008,4895.0
https://www.opentable.com/the-smith-east-village,3/14/2008,4881.0
https://www.opentable.com/sushi-of-gari-46,3/11/2008,4884.0
https://www.opentable.com/r/ilili-new-york,2/23/2008,4901.0
https://www.opentable.com/serafina-at-the-time-hotel,10/12/2013,2843.0
https://www.opentable.com/r/la-sirene-new-york,11/30/2007,4986.0
https://www.opentable.com/the-mermaid-inn-uptown,12/5/2007,4981.0
https://www.opentable.com/r/bocca-di-bacco-hells-kitchen-54th-st-new-york,3/11/2008,4884.0
https://www.opentable.com/market-table,2/10/2008,4914.0
https://www.opentable.com/r/toloache-midtown-new-york,2/16/2008,4908.0
https://www.opentable.com/amata,10/23/2007,5024.0
https://www.opentable.com/r/the-palm-west-side-new-york,8/24/2007,5084.0
https://www.opentable.com/rosie-ogradys,1/23/2008,4932.0
https://www.opentable.com/r/almond-new-york,12/14/2007,4972.0
https://www.opentable.com/r/copinette-new-york,5/21/2018,1161.0
https://www.opentable.com/r/chefs-table-at-brooklyn-fare-new-york,4/7/2018,1205.0
https://www.opentable.com/r/shoga-sushi-new-york,10/17/2018,1012.0
https://www.opentable.com/r/the-theater-buffet-new-york,5/5/2018,1177.0
https://www.opentable.com/r/samwon-garden-new-york,4/11/2018,1201.0
https://www.opentable.com/r/pj-clarkes-lincoln-square-new-york,3/20/2018,1223.0
https://www.opentable.com/r/patsys-pizzeria-69th-st-new-york,4/1/2018,1211.0
https://www.opentable.com/r/ophelia-new-york,2/16/2018,1255.0
https://www.opentable.com/r/risotteria-melotti-new-york,2/17/2018,1254.0
https://www.opentable.com/r/aahar-indian-cuisine-new-york,2/18/2018,1253.0
https://www.opentable.com/r/nusr-et-steakhouse-new-york,1/30/2018,1272.0
https://www.opentable.com/r/codino-new-york,1/24/2021,182.0
https://www.opentable.com/r/zoe-restaurant-and-bar-lounge-new-york,,
https://www.opentable.com/r/curry-house-new-york,4/5/2019,842.0
https://www.opentable.com/r/terra-wine-bar-new-york,2/26/2021,149.0
https://www.opentable.com/r/lena-new-york,1/13/2018,1289.0
https://www.opentable.com/r/mimmo-cucina-italiana-new-york,2/10/2018,1261.0
https://www.opentable.com/r/the-ainsworth-east-village-new-york,2/17/2018,1254.0
https://www.opentable.com/r/doylers-37-new-york,12/31/2017,1302.0
https://www.opentable.com/r/the-stinger-cocktail-bar-and-kitchen-new-york,1/13/2018,1289.0
https://www.opentable.com/r/kiwi-cuba-new-york,12/10/2017,1323.0
https://www.opentable.com/r/soho-park-hells-kitchen-new-york,12/6/2017,1327.0
https://www.opentable.com/r/mifune-new-york,12/2/2017,1331.0
https://www.opentable.com/r/shochu-and-tapas-aya-new-york,1/19/2018,1283.0
https://www.opentable.com/r/mezzanine-new-york,1/18/2019,919.0
https://www.opentable.com/r/yves-new-york,11/15/2017,1348.0
https://www.opentable.com/r/aria-west-village-new-york,1/16/2021,190.0
https://www.opentable.com/r/tbd-289-bleeker-new-york,10/5/2017,1389.0
https://www.opentable.com/r/soho-park-new-york,7/9/2019,747.0
https://www.opentable.com/r/montebello-ristorante-italiano-new-york,12/31/2007,4955.0
https://www.opentable.com/r/essex-new-york,10/6/2007,5041.0
https://www.opentable.com/r/bobby-vans-steakhouse-54th-street-new-york,10/18/2007,5029.0
https://www.opentable.com/ben-and-jacks-steakhouse-44th-street,12/30/2007,4956.0
https://www.opentable.com/papatzul,6/9/2007,5160.0
https://www.opentable.com/osteria-laguna,12/12/2007,4974.0
https://www.opentable.com/giorgios-of-gramercy,10/11/2007,5036.0
https://www.opentable.com/benjamin-steakhouse,5/19/2007,5181.0
https://www.opentable.com/r/bobby-vans-steakhouse-broad-street-new-york,2/16/2008,4908.0
https://www.opentable.com/r/russian-tea-room-nyc-new-york,7/27/2007,5112.0
https://www.opentable.com/r/pera-mediterranean-brasserie-new-york,2/20/2008,4904.0
https://www.opentable.com/b-cafe,10/6/2007,5041.0
https://www.opentable.com/r/gyu-kaku-midtown-new-york,3/24/2007,5237.0
https://www.opentable.com/r/porter-house-bar-and-grill-new-york,2/12/2007,5277.0
https://www.opentable.com/r/bocca-di-bacco-theatre-district-45th-st-new-york,1/13/2007,5307.0
https://www.opentable.com/r/bobby-vans-park-avenue-the-original-new-york,10/25/2007,5022.0
https://www.opentable.com/r/bobby-vans-grill-50th-street-new-york,2/1/2007,5288.0
https://www.opentable.com/papillon-bistro-and-bar,3/10/2008,4885.0
https://www.opentable.com/scalini-fedeli-new-york,4/23/2007,5207.0
https://www.opentable.com/r/smith-and-wollensky-new-york,7/21/2006,5483.0
https://www.opentable.com/r/quality-meats-new-york,1/16/2007,5304.0
https://www.opentable.com/r/cafe-dalsace-new-york,12/30/2006,5321.0
https://www.opentable.com/r/kellari-taverna-new-york,7/6/2007,5133.0
https://www.opentable.com/barbounia,10/16/2006,5396.0
https://www.opentable.com/frankie-and-johnnies-steakhouse-manhattan,7/27/2007,5112.0
https://www.opentable.com/r/ammos-estiatorio-new-york,,
https://www.opentable.com/bg-bergdorf-goodman,7/25/2007,5114.0
https://www.opentable.com/tribeca-grill,3/25/2006,5601.0
https://www.opentable.com/r/philippe-new-york,3/13/2008,4882.0
https://www.opentable.com/r/altesi-downtown-new-york,1/15/2008,4940.0
https://www.opentable.com/r/rosa-mexicano-union-square-new-york,11/11/2005,5735.0
https://www.opentable.com/t-bar-steak-and-lounge-upper-east-side,12/14/2007,4972.0
https://www.opentable.com/guantanamera,1/5/2006,5680.0
https://www.opentable.com/periyali,1/30/2007,5290.0
https://www.opentable.com/r/koi-new-york,9/3/2006,5439.0
https://www.opentable.com/sushi-of-gari-columbus-avenue,1/28/2007,5292.0
https://www.opentable.com/cafe-luxembourg,5/6/2006,5559.0
https://www.opentable.com/r/french-roast-uptown-new-york,12/23/2015,2041.0
https://www.opentable.com/jacques-brasserie,12/8/2007,4978.0
https://www.opentable.com/r/tonys-di-napoli-midtown-new-york,11/22/2012,3167.0
https://www.opentable.com/r/arte-cafe-new-york,11/10/2004,6101.0
https://www.opentable.com/the-capital-grille-ny-chrysler-center,8/15/2005,5823.0
https://www.opentable.com/r/cuba-new-york,8/27/2007,5081.0
https://www.opentable.com/r/mortons-the-steakhouse-midtown-manhattan-new-york,12/24/2004,6057.0
https://www.opentable.com/r/blt-steak-new-york,9/29/2004,6143.0
https://www.opentable.com/uncle-jacks-steakhouse-westside-9th-avenue,1/23/2004,6393.0
https://www.opentable.com/hearth,12/22/2005,5694.0
https://www.opentable.com/r/rosa-mexicano-by-lincoln-center-new-york,4/1/2006,5594.0
https://www.opentable.com/cellini,12/1/2007,4985.0
https://www.opentable.com/r/avra-estiatorio-new-york,12/7/2007,4979.0
https://www.opentable.com/casa-lever,10/21/2009,4295.0
https://www.opentable.com/r/nice-matin-new-york,10/18/2004,6124.0
https://www.opentable.com/r/maya-new-york,7/10/2005,5859.0
https://www.opentable.com/r/thalassa-new-york,12/9/2005,5707.0
https://www.opentable.com/craft-new-york,1/6/2006,5679.0
https://www.opentable.com/calle-ocho,10/20/2003,6488.0
https://www.opentable.com/r/irvington-new-york,2/1/2011,3827.0
https://www.opentable.com/r/marseille-new-york,1/27/2006,5658.0
https://www.opentable.com/r/north-square-new-york,8/19/2004,6184.0
https://www.opentable.com/oceana,11/16/2002,6826.0
https://www.opentable.com/molyvos,8/17/2004,6186.0
https://www.opentable.com/r/utsav-indian-bar-and-grill-new-york,3/29/2006,5597.0
https://www.opentable.com/one-if-by-land-two-if-by-sea,1/11/2003,6770.0
https://www.opentable.com/r/bottino-new-york,8/27/2007,5081.0
https://www.opentable.com/sapphire,4/13/2007,5217.0
https://www.opentable.com/r/cotto-nyc-new-york,7/14/2021,11.0
https://www.opentable.com/r/lower-east-new-york,,
https://www.opentable.com/r/pineapple-club-new-york,6/26/2020,394.0
https://www.opentable.com/r/skorpios-new-york,7/14/2021,11.0
https://www.opentable.com/r/buddha-bar-restaurant-new-york,7/16/2021,9.0
https://www.opentable.com/r/iris-new-york,4/23/2021,93.0
https://www.opentable.com/r/burger-and-lobster-bryant-park-new-york-2,7/2/2021,23.0
https://www.opentable.com/r/salt-mediterranean-new-york,,
https://www.opentable.com/r/terravita-new-york,7/13/2021,12.0
https://www.opentable.com/r/accent-new-york,,
https://www.opentable.com/r/pekarna-new-york,,
https://www.opentable.com/r/dagon-new-york,2/14/2021,161.0
https://www.opentable.com/r/holiday-cocktail-lounge-new-york,1/8/2021,198.0
https://www.opentable.com/r/blue-ribbon-sushi-bar-and-grill-new-york,8/5/2020,354.0
https://www.opentable.com/r/set-les-new-york,1/22/2021,184.0
https://www.opentable.com/r/cove-lounge-new-york,3/27/2021,120.0
https://www.opentable.com/r/loopy-doopy-rooftop-bar-new-york,5/21/2021,65.0
https://www.opentable.com/r/art-soho-new-york,7/3/2020,387.0
https://www.opentable.com/jane,9/13/2007,5064.0
https://www.opentable.com/r/mocha-red-new-york,6/29/2021,26.0
https://www.opentable.com/r/maisonetta-bronx,11/8/2020,259.0
https://www.opentable.com/r/mama-sushi-bronx,7/23/2020,367.0
https://www.opentable.com/r/suyo-gastrofusion-bronx,11/30/2018,968.0
https://www.opentable.com/r/the-waterfront-nyc-bronx-new-york,6/3/2018,1148.0
https://www.opentable.com/r/vistamar-bronx,1/27/2018,1275.0
https://www.opentable.com/r/enzos-of-williamsbridge-bronx,2/16/2020,525.0
https://www.opentable.com/r/da-franco-and-tonys-ristorante-bronx,11/26/2016,1702.0
https://www.opentable.com/robertos-restaurant-bronx,4/8/2015,2300.0
https://www.opentable.com/marios-restaurant-arthur-ave,3/29/2013,3040.0
https://www.opentable.com/audi-club-yankee-stadium,7/27/2012,3285.0
https://www.opentable.com/nyy-steak-yankee-stadium,4/13/2012,3390.0
https://www.opentable.com/r/icehouse-italian-waterfront-restaurant-new-york,6/8/2011,3700.0
https://www.opentable.com/r/addeos-of-the-bronx,,
https://www.opentable.com/r/shanghai-red-bronx,8/8/2020,351.0
https://www.opentable.com/r/ajo-and-oregano-restaurant-new-york,2/29/2020,512.0
https://www.opentable.com/r/emilias-restaurant-bronx-2,2/7/2020,534.0
https://www.opentable.com/r/arthur-avenue-fiasco-bronx,1/11/2020,561.0
https://www.opentable.com/r/american-grill-bronx-2,,
https://www.opentable.com/r/evo-cocktail-lounge-bottle-service-bookings-brinx,,
https://www.opentable.com/r/evo-restaurant-and-cocktail-lounge-bronx,11/22/2019,611.0
https://www.opentable.com/r/st-anns-cafe-bronx,,
https://www.opentable.com/r/fontenova-spanish-and-mexican-tapas-bronx,6/15/2019,771.0
https://www.opentable.com/r/yukka-latin-bistro-bronx,3/16/2019,862.0
https://www.opentable.com/r/casa-del-mar-bronx,1/26/2019,911.0
https://www.opentable.com/r/inine-bistro-bronx,12/23/2018,945.0
https://www.opentable.com/r/mott-haven-bar-and-grill-bronx,4/22/2018,1190.0
https://www.opentable.com/r/casa-restaurant-and-lounge-inc-bronx,2/27/2018,1244.0
https://www.opentable.com/r/san-gennaro-bronx,11/4/2018,994.0
https://www.opentable.com/r/patsys-pizzeria-bronx,3/31/2019,847.0
https://www.opentable.com/r/red-lobster-bronx,12/29/2018,939.0
https://www.opentable.com/r/di-como-restaurant-bronx,9/21/2018,1038.0
https://www.opentable.com/hudson-garden-grill-at-the-new-york-botanical-garden,4/14/2015,2294.0
https://www.opentable.com/hard-rock-cafe-yankee-stadium,9/2/2014,2518.0
https://www.opentable.com/r/jakes-steakhouse-bronx,5/15/2008,4819.0
https://www.opentable.com/r/rosas-at-park-bronx,7/18/2021,7.0
https://www.opentable.com/r/ruta-oaxaca-mexican-cuisine-queens,2/13/2021,162.0
https://www.opentable.com/r/the-beast-next-door-long-island-city,4/14/2021,102.0
https://www.opentable.com/r/neirs-tavern-woodhaven,3/6/2021,141.0
https://www.opentable.com/r/the-chefs-table-116-rockaway-park,3/20/2021,127.0
https://www.opentable.com/il-falco-restaurant,10/24/2015,2101.0
https://www.opentable.com/r/eternity-the-flavor-library-kew-gardens,,
https://www.opentable.com/r/dylans-forest-hills,,
https://www.opentable.com/r/gula-new-york,7/17/2021,8.0
https://www.opentable.com/agora-taverna-forest-hills,1/23/2015,2375.0
https://www.opentable.com/r/the-cuban-bayside,11/4/2020,263.0
https://www.opentable.com/r/bar-marseille-arverne,10/2/2020,296.0
https://www.opentable.com/r/white-radish-forest-hills,9/3/2020,325.0
https://www.opentable.com/r/hatfields-bayside,6/26/2020,394.0
https://www.opentable.com/r/fogo-de-chao-brazilian-steakhouse-long-island-carle-place,12/18/2019,585.0
https://www.opentable.com/r/bistro-eloise-east-elmhurst,12/1/2019,602.0
https://www.opentable.com/r/rice-x-beans-woodside,3/16/2019,862.0
https://www.opentable.com/r/amylos-astoria,1/8/2019,929.0
https://www.opentable.com/r/romeos-italian-restaurant-jackson-heights,11/15/2018,983.0
https://www.opentable.com/r/marias-mediterranean-bayside,8/18/2018,1072.0
https://www.opentable.com/r/akrotiri-seafood-taverna-astoria,3/17/2018,1226.0
https://www.opentable.com/r/numero-28-pizzeria-and-bar-forest-hills,2/17/2018,1254.0
https://www.opentable.com/r/shaking-crab-flushing,8/24/2019,701.0
https://www.opentable.com/r/queens-room-astoria,1/27/2018,1275.0
https://www.opentable.com/r/guantanamera-forest-hills-queens,12/17/2017,1316.0
https://www.opentable.com/r/luna-asian-bistro-and-rooftop-lounge-astoria,12/3/2017,1330.0
https://www.opentable.com/r/pronto-pizza-astoria-2,,
https://www.opentable.com/r/blend-astoria,1/27/2017,1640.0
https://www.opentable.com/r/basil-brick-oven-pizza-astoria,8/26/2016,1794.0
https://www.opentable.com/r/cream-ridgewood-glendale,8/24/2018,1066.0
https://www.opentable.com/sangaritas,12/31/2015,2033.0
https://www.opentable.com/papazzio-italian-restaurant,11/17/2015,2077.0
https://www.opentable.com/dionysos-restaurant,1/7/2016,2026.0
https://www.opentable.com/vista-sky-lounge,6/20/2015,2227.0
https://www.opentable.com/r/via-vai-astoria,8/17/2014,2534.0
https://www.opentable.com/victory-garden-cafe,4/13/2014,2660.0
https://www.opentable.com/r/blend-on-the-water-long-island-city,1/1/2014,2762.0
https://www.opentable.com/madera-cuban-grill,8/13/2012,3268.0
https://www.opentable.com/psari,7/12/2015,2205.0
https://www.opentable.com/aliada-restaurant,5/18/2012,3355.0
https://www.opentable.com/blend,4/7/2012,3396.0
https://www.opentable.com/la-vigna-restaurant-and-bar,4/9/2011,3760.0
https://www.opentable.com/saffron-restaurant,2/14/2011,3814.0
https://www.opentable.com/magna-restaurant,3/13/2011,3787.0
https://www.opentable.com/marbella-restaurant,12/12/2010,3878.0
https://www.opentable.com/shi,1/15/2010,4209.0
https://www.opentable.com/r/vetro-by-russos-on-the-bay-howard-beach,11/5/2009,4280.0
https://www.opentable.com/christos-steak-house,9/10/2006,5432.0
https://www.opentable.com/r/c-kew-gardens,7/11/2021,14.0
https://www.opentable.com/r/sushi-on-me-jackson-heights,7/3/2021,22.0
https://www.opentable.com/r/michaels-restaurant-astoria-2,,
https://www.opentable.com/r/brazilian-grill-queens,4/14/2021,102.0
https://www.opentable.com/r/kampai-hibachi-queens,5/5/2021,81.0
https://www.opentable.com/r/maiella-lic-long-island-city-2,6/9/2015,2238.0
https://www.opentable.com/r/abbas-italian-steaks-and-chops-howard-beach,10/24/2020,274.0
https://www.opentable.com/r/chingri-restaurant-astoria,3/27/2021,120.0
https://www.opentable.com/r/dive-bar-lic-long-island-city,10/3/2020,295.0
https://www.opentable.com/r/antuns-the-restaurant-an-american-bistro-queens-village,7/9/2020,381.0
https://www.opentable.com/r/bocconcini-restaurant-little-neck,,
https://www.opentable.com/r/senso-unico-restaurant-sunnyside,3/13/2020,499.0
https://www.opentable.com/r/r40-long-island-city,2/14/2020,527.0
https://www.opentable.com/r/papas-kitchen-jackson-heights,,
https://www.opentable.com/r/american-brass-long-island-city,3/13/2020,499.0
https://www.opentable.com/r/fusion-kebab-house-long-island-city,,
https://www.opentable.com/r/mansion-supper-club-astoria,1/17/2020,555.0
https://www.opentable.com/r/rice-k-astoria,,
https://www.opentable.com/r/bareburger-astoria-3,1/8/2020,564.0
https://www.opentable.com/r/bareburger-forest-hills,11/6/2019,627.0
https://www.opentable.com/r/patrizias-of-maspeth,8/17/2019,708.0
https://www.opentable.com/bourbon-street-bayside,3/12/2011,3788.0
https://www.opentable.com/r/luzzos-lic-napoletana-pizza-and-wine-bar-long-island-city,6/23/2019,763.0
https://www.opentable.com/r/boteko-nyc-astoria,6/27/2019,759.0
https://www.opentable.com/r/mojo-restaurant-forest-hills,6/6/2019,780.0
https://www.opentable.com/r/mama-pio-maspeth,6/16/2019,770.0
https://www.opentable.com/r/arcadia-bar-and-kitchen-astora,6/2/2019,784.0
https://www.opentable.com/r/hangar-astoria,8/25/2019,700.0
https://www.opentable.com/r/bamboo-ya-forest-hills,2/22/2019,884.0
https://www.opentable.com/r/brothers-taverna-astoria,9/1/2019,693.0
https://www.opentable.com/r/skinnys-cantina-lic-long-island-city,1/26/2019,911.0
https://www.opentable.com/r/rimtin-mediterranean-restaurant-forest-hills,11/17/2018,981.0
https://www.opentable.com/r/levante-long-island-city,6/7/2018,1144.0
https://www.opentable.com/r/tikka-indian-grill-astoria,4/1/2018,1211.0
https://www.opentable.com/r/tikka-indian-grill-kew-gardens,4/21/2018,1191.0
https://www.opentable.com/r/el-mero-mero-astoria,1/19/2018,1283.0
https://www.opentable.com/r/beans-and-lager-astoria,4/20/2018,1192.0
https://www.opentable.com/r/awang-kitchen-elmhurst,5/12/2018,1170.0
https://www.opentable.com/r/a-churrasqueira-restaurant-and-bar-jamaica,4/21/2018,1191.0
https://www.opentable.com/r/the-trestle-astoria,11/5/2017,1358.0
https://www.opentable.com/r/gyu-kaku-flushing,7/22/2017,1464.0
https://www.opentable.com/r/bareburger-long-island-city-2,1/17/2020,555.0
https://www.opentable.com/r/tantra-lounge-astoria,5/22/2021,64.0
https://www.opentable.com/r/lunera-modern-mexican-astoria,8/25/2017,1430.0
https://www.opentable.com/r/kalamaki-gr-flushing,5/18/2017,1529.0
https://www.opentable.com/r/bareburger-long-island-city,1/18/2020,554.0
https://www.opentable.com/r/bierocracy-long-island-city,7/29/2017,1457.0
https://www.opentable.com/r/jacksons-eatery-long-island-city,1/14/2017,1653.0
https://www.opentable.com/r/red-lobster-elmhurst,2/3/2019,903.0
https://www.opentable.com/r/kurry-qulture-astoria,10/27/2016,1732.0
https://www.opentable.com/r/nicks-bistro-forest-hills,11/5/2016,1723.0
https://www.opentable.com/r/the-dog-and-duck-sunnyside,,
https://www.opentable.com/r/via-trenta-osteria-and-wine-bar-astoria,12/31/2017,1302.0
https://www.opentable.com/greenhouse-cafe,9/19/2015,2136.0
https://www.opentable.com/r/the-simpson-restaurant-and-bar-brooklyn,3/9/2021,138.0
https://www.opentable.com/r/palomas-bk-brooklyn,3/27/2021,120.0
https://www.opentable.com/atlas-steakhouse,9/4/2015,2151.0
https://www.opentable.com/r/zamaan-bay-ridge-brooklyn,2/12/2021,163.0
https://www.opentable.com/r/la-tombola-brooklyn,5/14/2021,72.0
https://www.opentable.com/r/empanada-loca-brooklyn,5/29/2021,57.0
https://www.opentable.com/r/the-rusty-face-brooklyn,4/20/2021,96.0
https://www.opentable.com/r/the-grotto-authentic-caribbean-cuisine-brooklyn,,
https://www.opentable.com/r/champs-diner-brooklyn,5/16/2021,70.0
https://www.opentable.com/r/ponte-vecchio-brooklyn,5/22/2021,64.0
https://www.opentable.com/r/ecb-ridgewood,5/25/2021,61.0
https://www.opentable.com/r/that-bar-brooklyn,,
https://www.opentable.com/r/atithi-indian-cuisine-brooklyn,6/25/2021,30.0
https://www.opentable.com/r/patrick-steakhouse-brooklyn,7/16/2021,9.0
https://www.opentable.com/r/belli-osteria-brooklyn,1/23/2019,914.0
https://www.opentable.com/r/piccoli-trattoria-brooklyn,2/12/2019,894.0
https://www.opentable.com/r/bakar-brooklyn-2,2/14/2021,161.0
https://www.opentable.com/r/savannah-cafe-brooklyn,3/20/2021,127.0
https://www.opentable.com/r/pulia-restaurant-brooklyn,2/14/2021,161.0
https://www.opentable.com/shelter-pizza,4/5/2014,2668.0
https://www.opentable.com/r/charm-bar-restaurant-brooklyn,11/13/2020,254.0
https://www.opentable.com/r/midici-neapolitan-pizza-brooklyn,11/22/2020,245.0
https://www.opentable.com/r/polygon-bk-latin-pizza-and-latin-cuisine-brooklyn,10/8/2020,290.0
https://www.opentable.com/r/sea-wolf-waterfront-brooklyn,10/2/2020,296.0
https://www.opentable.com/r/gold-room-brooklyn,11/20/2020,247.0
https://www.opentable.com/r/savelli-restaurant-and-bar-brooklyn,2/20/2021,155.0
https://www.opentable.com/r/brooklyn-winery-brooklyn,7/24/2020,366.0
https://www.opentable.com/r/brookvin-brooklyn,6/22/2020,398.0
https://www.opentable.com/r/rangoon-brooklyn,8/19/2020,340.0
https://www.opentable.com/r/hummus-market-brooklyn,8/12/2020,347.0
https://www.opentable.com/r/east-hae-brooklyn,7/20/2020,370.0
https://www.opentable.com/r/teraza-restaurant-lounge-brooklyn,2/14/2020,527.0
https://www.opentable.com/r/czen-brooklyn,2/8/2020,533.0
https://www.opentable.com/r/cafe-le-mistral-brooklyn,12/13/2019,590.0
https://www.opentable.com/r/mama-capri-brooklyn,10/31/2019,633.0
https://www.opentable.com/r/fabianes-brooklyn,8/26/2019,699.0
https://www.opentable.com/r/suite-704-brooklyn,12/31/2018,937.0
https://www.opentable.com/r/tambour-brooklyn,11/2/2018,996.0
https://www.opentable.com/r/avere-brooklyn,11/6/2018,992.0
https://www.opentable.com/r/union-pizza-works-brooklyn,9/22/2018,1037.0
https://www.opentable.com/r/pizza-secret-brooklyn,7/25/2018,1096.0
https://www.opentable.com/r/terre-pasta-natural-wine-brooklyn,3/16/2018,1227.0
https://www.opentable.com/r/archway-cafe-brooklyn,11/19/2017,1344.0
https://www.opentable.com/r/alta-calidad-brooklyn,12/27/2017,1306.0
https://www.opentable.com/r/beso-staten-island,6/19/2021,36.0
https://www.opentable.com/r/cecconis-dumbo-brooklyn,6/13/2017,1503.0
https://www.opentable.com/r/indian-table-brooklyn,6/18/2017,1498.0
https://www.opentable.com/r/faun-brooklyn,11/20/2019,613.0
https://www.opentable.com/r/il-colosseo-restaurant-and-pizzeria-brooklyn,5/16/2021,70.0
https://www.opentable.com/r/one-stop-brooklyn,3/14/2021,133.0
https://www.opentable.com/r/fragole-brooklyn,4/7/2018,1205.0
https://www.opentable.com/r/buffalo-wild-wings-atlantic-terminal-brooklyn,2/17/2017,1619.0
https://www.opentable.com/r/westville-dumbo-brooklyn,1/26/2017,1641.0
https://www.opentable.com/r/bella-gioia-brooklyn,1/21/2017,1646.0
https://www.opentable.com/r/leuca-brooklyn,11/4/2016,1724.0
https://www.opentable.com/r/doc-wine-bar-brooklyn,12/7/2016,1691.0
https://www.opentable.com/r/cheeseboat-brooklyn,9/7/2016,1782.0
https://www.opentable.com/r/the-meatball-shop-williamsburg-brooklyn,4/26/2019,821.0
https://www.opentable.com/r/luzzos-bk-brooklyn,3/17/2017,1591.0
https://www.opentable.com/r/la-locanda-brooklyn,2/14/2020,527.0
https://www.opentable.com/r/il-porto-ristorante-brooklyn,5/8/2016,1904.0
https://www.opentable.com/amarachi,1/15/2016,2018.0
https://www.opentable.com/mexico-2000-restaurant,1/9/2016,2024.0
https://www.opentable.com/motorino,9/11/2015,2144.0
https://www.opentable.com/lantagoniste,3/14/2015,2325.0
https://www.opentable.com/glasserie,8/30/2014,2521.0
https://www.opentable.com/bijans-brooklyn,8/29/2014,2522.0
https://www.opentable.com/la-nonna-ristorante-and-bar,4/11/2014,2662.0
https://www.opentable.com/shalom-japan,8/1/2013,2915.0
https://www.opentable.com/fabbrica-brooklyn,10/12/2012,3208.0
https://www.opentable.com/r/fonda-brooklyn,12/16/2011,3509.0
https://www.opentable.com/r/soco-brooklyn,7/8/2011,3670.0
https://www.opentable.com/benchmark-restaurant,8/22/2010,3990.0
https://www.opentable.com/marco-polo-ristorante,1/15/2010,4209.0
https://www.opentable.com/bacchus-brooklyn,5/11/2008,4823.0
https://www.opentable.com/r/baci-abbracci-brooklyn,5/10/2008,4824.0
https://www.opentable.com/r/simply-greek-brooklyn,,
https://www.opentable.com/r/hills-place-brooklyn,,
https://www.opentable.com/r/palenque-home-made-colombian-food-brooklyn,5/15/2021,71.0
https://www.opentable.com/r/parklife-brooklyn,3/27/2021,120.0
https://www.opentable.com/r/mera-restaurant-brooklyn,2/12/2021,163.0
https://www.opentable.com/r/republic-bar-and-lounge-brooklyn,,
https://www.opentable.com/r/mika-brooklyn,4/10/2021,106.0
https://www.opentable.com/r/van-brunt-stillhouse-brooklyn,4/4/2021,112.0
https://www.opentable.com/r/triangle-grill-brooklyn,,
https://www.opentable.com/r/tinys-cantina-brooklyn,5/5/2021,81.0
https://www.opentable.com/r/chinese-grill-master-brooklyn-brooklyn,,
https://www.opentable.com/r/revolucion-taco-stuyvesant-heights-brooklyn,,
https://www.opentable.com/r/revolucion-taco-bed-stuy-brooklyn,,
https://www.opentable.com/r/revolucion-taco-boerum-hill-brooklyn,,
https://www.opentable.com/r/revolucion-taco-williamsburg-brooklyn,,
https://www.opentable.com/r/revolucion-taco-park-slope-brooklyn,3/12/2021,135.0
https://www.opentable.com/r/bk-lobster-clinton-hill-brooklyn,11/5/2020,262.0
https://www.opentable.com/r/osteria-brooklyn,11/6/2020,261.0
https://www.opentable.com/r/end-zone-sports-bar-and-lounge-brooklyn,,
https://www.opentable.com/r/brooklyn-high-low-brooklyn,10/24/2020,274.0
https://www.opentable.com/r/elite-williamsburg-brooklyn,7/2/2020,388.0
https://www.opentable.com/r/aura-cocina-brooklyn,7/16/2020,374.0
https://www.opentable.com/r/pomp-and-circumstance-brooklyn,,
https://www.opentable.com/r/sallys-southern-staten-island,,
https://www.opentable.com/r/sakana-sushi-and-hibachi-steakhouse-staten-island,9/13/2020,315.0
https://www.opentable.com/r/pastavino-staten-island,11/8/2019,625.0
https://www.opentable.com/r/grand-sahara-mediterranean-grill-staten-island,2/1/2020,540.0
https://www.opentable.com/r/the-richmond-staten-island,7/26/2019,730.0
https://www.opentable.com/r/sofias-taqueria-staten-island,1/7/2019,930.0
https://www.opentable.com/r/taverna-on-the-bay-staten-island,12/31/2019,572.0
https://www.opentable.com/r/richmond-republic-staten-island,9/15/2018,1044.0
https://www.opentable.com/r/corner-house-bbq-staten-island,4/20/2018,1192.0
https://www.opentable.com/r/violettes-cellar-staten-island,11/6/2017,1357.0
https://www.opentable.com/r/lilyas-restaurant-and-grill-cafe-gourmand-staten-island,2/14/2021,161.0
https://www.opentable.com/r/bayou-staten-island,5/28/2021,58.0
https://www.opentable.com/r/incas-grill-peruvian-cuisine-staten-island-2,11/8/2016,1720.0
https://www.opentable.com/bocelli-ristorante,1/29/2016,2004.0
https://www.opentable.com/the-stone-house-at-clove-lakes-ny,11/23/2014,2436.0
https://www.opentable.com/r/taste-of-india-ii-staten-island,8/10/2013,2906.0
https://www.opentable.com/lorenzos-restaurant-bar-and-caberet-hilton-garden-inn-si,5/6/2012,3367.0
https://www.opentable.com/angelinas-ristorante-staten-island,4/7/2011,3762.0
https://www.opentable.com/r/navy-pier-prime-staten-island,10/3/2020,295.0
https://www.opentable.com/r/mimmos-brick-oven-pizza-staten-island,,
https://www.opentable.com/r/ohenrys-publick-house-staten-island,9/11/2020,317.0
https://www.opentable.com/r/tito-banditos-pine-hill,2/13/2020,528.0
https://www.opentable.com/r/flour-and-oak-staten-island,12/31/2019,572.0
https://www.opentable.com/r/mountain-fusion-inc-staten-island,2/11/2020,530.0
https://www.opentable.com/r/marmar-restaurant-staten-island,5/18/2019,799.0
https://www.opentable.com/r/panini-grill-staten-island,3/9/2019,869.0
https://www.opentable.com/r/philam-kusina-staten-island,11/3/2017,1360.0
https://www.opentable.com/r/vinum-wine-bar-and-restauarant-staten-island,10/18/2017,1376.0
https://www.opentable.com/r/bin-5-staten-island,12/13/2018,955.0
https://www.opentable.com/r/maizal-restaurant-staten-island,9/16/2017,1408.0
https://www.opentable.com/r/aunt-butchies-of-brooklyn-staten-island,11/2/2018,996.0
https://www.opentable.com/r/michaels-martinis-and-meatballs-staten-island,1/16/2015,2382.0
https://www.opentable.com/r/brunos-bakery-and-restaurant-staten-island,3/14/2014,2690.0
https://www.opentable.com/south-fin-grill,11/19/2005,5727.0
